Player,Top 4 %,Fractional Odds,American Odds,as of finished_gw
Andy,91.4,1/11,-1063,21
Karl,83.5,1/5,-506,21
Dove,80.30000000000001,1/4,-408,21
John,71.5,1/3,-251,21
Sam,35.3,2/1,183,21
Nick,28.000000000000004,3/1,257,21
Tim,8.799999999999999,10/1,1036,21
Mike,1.2,82/1,8233,21
