Player,Top 4 %,Fractional Odds,American Odds,as of finished_gw
Nick,100.0,1/999,-10000,32
Tim,100.0,1/999,-10000,32
Mikey,93.8,1/15,-1513,32
Matt,63.800000000000004,1/2,-176,32
Mike,19.1,4/1,424,32
Andy,17.5,5/1,471,32
Sam,5.800000000000001,16/1,1624,32
