Player,Top 4 %,Fractional Odds,American Odds,as of finished_gw
Karl,85.2,1/6,-576,13
Andy,83.0,1/5,-488,13
Dove,65.2,1/2,-187,13
John,55.60000000000001,1/1,-125,13
Sam,52.800000000000004,1/1,-112,13
Nick,21.9,4/1,357,13
Tim,20.3,4/1,393,13
Mike,11.600000000000001,8/1,762,13
Mikey,4.3999999999999995,22/1,2173,13
