Player,Top 4 %,Fractional Odds,American Odds,as of finished_gw
Nick,100.0,1/999,-10000,35
Tim,100.0,1/999,-10000,35
Matt,92.2,1/12,-1182,35
Mikey,81.39999999999999,1/4,-438,35
Mike,26.400000000000002,3/1,279,35
