Player,Top 4 %,Fractional Odds,American Odds,as of finished_gw
Nick,85.6,1/6,-594,24
Andy,70.6,1/2,-240,24
Matt,64.60000000000001,1/2,-182,24
Mikey,56.2,1/1,-128,24
Tim,55.50000000000001,1/1,-125,24
Sam,53.2,1/1,-114,24
Mike,11.600000000000001,8/1,762,24
Dove,2.5,39/1,3900,24
John,0.1,999/1,99900,24
Karl,0.1,999/1,99900,24
