Player,Top 4 %,Fractional Odds,American Odds,as of finished_gw
Nick,71.2,1/2,-247,19
Tim,68.30000000000001,1/2,-215,19
Mike,58.699999999999996,1/1,-142,19
Andy,57.699999999999996,1/1,-136,19
Matt,51.800000000000004,1/1,-107,19
Sam,49.8,1/1,101,19
Mikey,35.699999999999996,2/1,180,19
John,3.5999999999999996,27/1,2678,19
Dove,3.2,30/1,3025,19
