Player,Top 4 %,Fractional Odds,American Odds,as of finished_gw
Tim,82.89999999999999,1/5,-485,17
Nick,63.1,1/2,-171,17
Andy,60.199999999999996,1/2,-151,17
Matt,54.6,1/1,-120,17
Sam,49.0,1/1,104,17
Mikey,42.199999999999996,1/1,137,17
Mike,38.0,2/1,163,17
Dove,6.3,15/1,1487,17
John,3.1,31/1,3126,17
Karl,0.6,166/1,16567,17
