Player,Top 4 %,Fractional Odds,American Odds,as of finished_gw
Andy,96.1,1/25,-2464,16
Dove,87.4,1/7,-694,16
Karl,78.4,1/4,-363,16
Sam,58.9,1/1,-143,16
John,31.7,2/1,215,16
Tim,23.0,3/1,335,16
Mike,11.799999999999999,7/1,747,16
Nick,11.200000000000001,8/1,793,16
Mikey,1.5,66/1,6567,16
