Player,Top 4 %,Fractional Odds,American Odds,as of finished_gw
Andy,92.2,1/12,-1182,15
Dove,79.3,1/4,-383,15
Karl,76.8,1/3,-331,15
Sam,72.3,1/3,-261,15
John,41.8,1/1,139,15
Mike,16.900000000000002,5/1,492,15
Tim,13.5,6/1,641,15
Nick,6.6000000000000005,14/1,1415,15
Mikey,0.6,166/1,16567,15
