Player,Top 4 %,Fractional Odds,American Odds,as of finished_gw
Matt,80.4,1/4,-410,14
Andy,74.1,1/3,-286,14
Sam,62.1,1/2,-164,14
Tim,57.8,1/1,-137,14
Nick,46.300000000000004,1/1,116,14
Mike,31.8,2/1,214,14
Mikey,28.499999999999996,3/1,251,14
Dove,9.6,9/1,942,14
John,6.5,14/1,1438,14
Karl,2.9000000000000004,33/1,3348,14
