Player,Top 4 %,Fractional Odds,American Odds,as of finished_gw
Matt,76.6,1/3,-327,15
Andy,67.30000000000001,1/2,-206,15
Tim,67.10000000000001,1/2,-204,15
Sam,53.1,1/1,-113,15
Nick,46.0,1/1,117,15
Mike,44.5,1/1,125,15
Mikey,25.0,3/1,300,15
John,9.8,9/1,920,15
Dove,8.3,11/1,1105,15
Karl,2.3,42/1,4248,15
