Player,Top 4 %,Fractional Odds,American Odds,as of finished_gw
Andy,96.3,1/26,-2603,18
Dove,94.19999999999999,1/16,-1624,18
Karl,74.5,1/3,-292,18
John,54.0,1/1,-117,18
Nick,32.300000000000004,2/1,210,18
Tim,23.1,3/1,333,18
Sam,21.5,4/1,365,18
Mike,3.6999999999999997,26/1,2603,18
Mikey,0.4,249/1,24900,18
