Player,Top 4 %,Fractional Odds,American Odds,as of finished_gw
Andy,100.0,1/999,-99999,29
Dove,94.89999999999999,1/19,-1861,29
Karl,78.60000000000001,1/4,-367,29
Nick,67.30000000000001,1/2,-206,29
Sam,30.7,2/1,226,29
Tim,22.5,3/1,344,29
John,6.0,16/1,1567,29
