Player,Top 4 %,Fractional Odds,American Odds,as of finished_gw
Nick,80.60000000000001,1/4,-415,25
Mikey,78.2,1/4,-359,25
Andy,67.60000000000001,1/2,-209,25
Matt,63.9,1/2,-177,25
Sam,45.300000000000004,1/1,121,25
Tim,40.1,1/1,149,25
Mike,19.5,4/1,413,25
Dove,4.6,21/1,2074,25
John,0.2,499/1,49900,25
