Player,Top 4 %,Fractional Odds,American Odds,as of finished_gw
Nick,90.10000000000001,1/9,-910,26
Mikey,77.9,1/4,-352,26
Matt,65.2,1/2,-187,26
Tim,53.900000000000006,1/1,-117,26
Andy,51.4,1/1,-106,26
Mike,32.1,2/1,212,26
Sam,27.500000000000004,3/1,264,26
Dove,1.9,52/1,5163,26
