Player,Top 4 %,Fractional Odds,American Odds,as of finished_gw
Andy,99.8,1/499,-49900,26
Dove,85.39999999999999,1/6,-585,26
Tim,64.0,1/2,-178,26
Karl,57.9,1/1,-138,26
Nick,50.1,1/1,-100,26
Sam,29.099999999999998,2/1,244,26
John,13.700000000000001,6/1,630,26
