Player,Top 4 %,Fractional Odds,American Odds,as of finished_gw
Tim,79.4,1/4,-385,16
Matt,76.0,1/3,-317,16
Andy,72.89999999999999,1/3,-269,16
Nick,60.5,1/2,-153,16
Sam,37.1,2/1,170,16
Mike,31.0,2/1,223,16
Mikey,21.8,4/1,359,16
Dove,10.9,8/1,817,16
John,9.0,10/1,1011,16
Karl,1.4000000000000001,70/1,7043,16
