Player,Top 4 %,Fractional Odds,American Odds,as of finished_gw
John,91.60000000000001,1/11,-1090,7
Dove,84.39999999999999,1/5,-541,7
Andy,63.2,1/2,-172,7
Mike,55.800000000000004,1/1,-126,7
Sam,51.0,1/1,-104,7
Karl,26.1,3/1,283,7
Mikey,22.5,3/1,344,7
Matt,3.5000000000000004,28/1,2757,7
Nick,1.6,62/1,6150,7
Tim,0.3,332/1,33233,7
