Player,Top 4 %,Fractional Odds,American Odds,as of finished_gw
Tim,75.4,1/3,-307,18
Matt,72.0,1/3,-257,18
Nick,71.8,1/3,-255,18
Sam,47.0,1/1,113,18
Andy,46.800000000000004,1/1,114,18
Mike,46.300000000000004,1/1,116,18
Mikey,28.999999999999996,2/1,245,18
Dove,7.3,13/1,1270,18
John,4.3,22/1,2226,18
Karl,0.1,999/1,99900,18
