Player,Top 4 %,Fractional Odds,American Odds,as of finished_gw
Dove,92.5,1/12,-1233,8
John,86.4,1/6,-635,8
Andy,75.3,1/3,-305,8
Sam,53.400000000000006,1/1,-115,8
Mike,41.3,1/1,142,8
Karl,34.9,2/1,187,8
Mikey,10.100000000000001,9/1,890,8
Tim,4.5,21/1,2122,8
Matt,0.8,124/1,12400,8
Nick,0.8,124/1,12400,8
